"Dawlance Steam Iron DWSI 2217 T 1750W 12g/min","Rs. 4,200","55 Ratings","Dawlance","Product details of Dawlance Steam Iron DWSI 2217 T 1750W 12g/min","https://static-01.daraz.pk/p/312efeeb8356ffab840781a0f85642ea.jpg_720x720q80.jpg_.webp",
"Dawlance Hand Blender DWHB 475 W White","Rs. 4,800","302 Ratings","Dawlance","Product details of Dawlance Hand Blender DWHB 475 W White","https://laz-img-cdn.alicdn.com/tfs/TB13MLwbOLaK1RjSZFxXXamPFXa-300-200.png",
"Dawlance Electric Kettle DWEK 7100 Black 1 Liter","Rs. 3,400","191 Ratings","Dawlance","Product details of Dawlance Electric Kettle DWEK 7100 Black 1 Liter","https://laz-img-cdn.alicdn.com/tfs/TB13MLwbOLaK1RjSZFxXXamPFXa-300-200.png",
"Dawlance Electric Kettle DWEK 7200 White 1.7 Liters","Rs. 3,750","62 Ratings","Dawlance","Product details of Dawlance Electric Kettle DWEK 7200 White 1.7 Liters","https://static-01.daraz.pk/p/6bab482d5b1b2ef181ca8197161d6190.jpg_720x720q80.jpg_.webp",
"Dawlance 20 Liters Microwave Oven DW 210 S Solo Heating Series","Rs. 12,500","330 Ratings","Dawlance","Product details of Dawlance 20 Liters Microwave Oven DW 210 S Solo Heating Series","https://static-01.daraz.pk/p/c1e615eaf6f299ba8841089b29f8b8cb.jpg_720x720q80.jpg_.webp",
"Dawlance Dry Iron 1020 with 2 Years Warranty","Rs. 4,800","100 Ratings","Dawlance","Product details of Dawlance Dry Iron 1020 with 2 Years Warranty","https://static-01.daraz.pk/p/82bf1b043c70771f7926e42f53da6357.jpg_720x720q80.jpg_.webp",
"Dawlance Steam Iron DWSI 2217 C 1750W 12g/min","Rs. 4,400","29 Ratings","Dawlance","Product details of Dawlance Steam Iron DWSI 2217 C 1750W 12g/min","https://static-01.daraz.pk/p/c3b518cf39f9924ca1d367d9c396691a.jpg_720x720q80.jpg_.webp",
"Dawlance Refrigerator 91996 WB Glass Door Inverter 19 CFT Large Size","Rs. 84,200","132 Ratings","Dawlance","Product details of Dawlance Refrigerator 91996 WB Glass Door Inverter 19 CFT Large Size","https://laz-img-cdn.alicdn.com/tfs/TB13MLwbOLaK1RjSZFxXXamPFXa-300-200.png",
"Dawlance Sandwich Maker DWSM 7900","Rs. 4,800","51 Ratings","Dawlance","Product details of Dawlance Sandwich Maker DWSM 7900","https://laz-img-cdn.alicdn.com/tfs/TB13MLwbOLaK1RjSZFxXXamPFXa-300-200.png",
"Dawlance 10 kg Fully Automatic Top Load Washing Machine DWT 260 ES Energy Saver Series","Rs. 47,000","335 Ratings","Dawlance","Product details of Dawlance 10 kg Fully Automatic Top Load Washing Machine DWT 260 ES Energy Saver Series","https://laz-img-cdn.alicdn.com/tfs/TB13MLwbOLaK1RjSZFxXXamPFXa-300-200.png",
"Dawlance Vacuum Cleaner DWVC 7500 Drum","Rs. 18,000","50 Ratings","Dawlance","Product details of Dawlance Vacuum Cleaner DWVC 7500 Drum","https://laz-img-cdn.alicdn.com/tfs/TB13MLwbOLaK1RjSZFxXXamPFXa-300-200.png",
"Dawlance Vacuum Cleaner DWVC 6724 Canister Bagged","Rs. 15,400","127 Ratings","Dawlance","Product details of Dawlance Vacuum Cleaner DWVC 6724 Canister Bagged","https://laz-img-cdn.alicdn.com/tfs/TB13MLwbOLaK1RjSZFxXXamPFXa-300-200.png",
"Dawlance 1.5 Ton Inverter Heat & Cool Air Conditioner Sprinter 30","Rs. 100,800","150 Ratings","Dawlance","Product details of Dawlance 1.5 Ton Inverter Heat & Cool Air Conditioner Sprinter 30","https://laz-img-cdn.alicdn.com/tfs/TB13MLwbOLaK1RjSZFxXXamPFXa-300-200.png",
"Dawlance Electric Kettle DWEK 7220 MG Stainless Steel 1.7 Liters","Rs. 5,800","39 Ratings","Dawlance","Product details of Dawlance Electric Kettle DWEK 7220 MG Stainless Steel 1.7 Liters","https://static-01.daraz.pk/p/a45d33fd7c0302dc389abcfdb3270465.jpg_720x720q80.jpg_.webp",
"Dawlance 8.5 kg Fully Automatic Top Load Washing Machine DWT 255 Clear Lid","Rs. 41,700","359 Ratings","Dawlance","Product details of Dawlance 8.5 kg Fully Automatic Top Load Washing Machine DWT 255 Clear Lid","https://laz-img-cdn.alicdn.com/tfs/TB13MLwbOLaK1RjSZFxXXamPFXa-300-200.png",
"Dawlance 8 kg Single Tub Spinner Dryer DS 6000 C White","Rs. 12,800","79 Ratings","Dawlance","Product details of Dawlance 8 kg Single Tub Spinner Dryer DS 6000 C White","https://static-01.daraz.pk/p/dd2c142983e43b852487acbebf4f671d.jpg_720x720q80.jpg_.webp",
"Dawlance Blender DWTB 510 W with Dry Mill White Color","Rs. 6,000","67 Ratings","Dawlance","Product details of Dawlance Blender DWTB 510 W with Dry Mill White Color","https://laz-img-cdn.alicdn.com/tfs/TB13MLwbOLaK1RjSZFxXXamPFXa-300-200.png",
"Dawlance Air Fryer DWAF 3013 3.0 Liters","Rs. 18,500","60 Ratings","Dawlance","Product details of Dawlance Air Fryer DWAF 3013 3.0 Liters","https://laz-img-cdn.alicdn.com/tfs/TB13MLwbOLaK1RjSZFxXXamPFXa-300-200.png",
"Dawlance Electric Oven DWMO 4215 CR with Recipe book","Rs. 19,700","92 Ratings","Dawlance","Product details of Dawlance Electric Oven DWMO 4215 CR with Recipe book","https://laz-img-cdn.alicdn.com/tfs/TB13MLwbOLaK1RjSZFxXXamPFXa-300-200.png",
"Dawlance 30 Liters Baking Microwave Oven Air Fryer DW 550AF with Recipe book","Rs. 31,600","92 Ratings","Dawlance","Product details of Dawlance 30 Liters Baking Microwave Oven Air Fryer DW 550AF with Recipe book","https://laz-img-cdn.alicdn.com/tfs/TB13MLwbOLaK1RjSZFxXXamPFXa-300-200.png",
"Dawlance Electric Multi Cooker DWMC 3015","Rs. 26,000","18 Ratings","Dawlance","Product details of Dawlance Electric Multi Cooker DWMC 3015","https://laz-img-cdn.alicdn.com/tfs/TB13MLwbOLaK1RjSZFxXXamPFXa-300-200.png",
"Dawlance Hand Blender DWHB 875","Rs. 9,400","43 Ratings","Dawlance","Product details of Dawlance Hand Blender DWHB 875","https://static-01.daraz.pk/p/e0b390f1765a80a639f4471823b6b248.jpg_720x720q80.jpg_.webp",
"Dawlance 12 kg Fully Automatic Top Load Washing Machine DWT 270 ES Energy Saver Series","Rs. 58,400","57 Ratings","Dawlance","Product details of Dawlance 12 kg Fully Automatic Top Load Washing Machine DWT 270 ES Energy Saver Series","https://laz-img-cdn.alicdn.com/tfs/TB13MLwbOLaK1RjSZFxXXamPFXa-300-200.png",
"Dawlance 12 kg Single Tub Spinner Dryer DS 9000 White","Rs. 15,500","23 Ratings","Dawlance","Product details of Dawlance 12 kg Single Tub Spinner Dryer DS 9000 White","https://static-01.daraz.pk/p/e2fef28cbe264982018183bd7f55451e.jpg_720x720q80.jpg_.webp",
"Dawlance Blender DWTB 620 I with Dry Mill Inox Body","Rs. 8,500","34 Ratings","Dawlance","Product details of Dawlance Blender DWTB 620 I with Dry Mill Inox Body","https://laz-img-cdn.alicdn.com/tfs/TB13MLwbOLaK1RjSZFxXXamPFXa-300-200.png",
"Dawlance Refrigerator 9144 EDS 8 CFT Energy Saving + Hybrid Cooling","Rs. 46,700","48 Ratings","Dawlance","Product details of Dawlance Refrigerator 9144 EDS 8 CFT Energy Saving + Hybrid Cooling","https://laz-img-cdn.alicdn.com/tfs/TB13MLwbOLaK1RjSZFxXXamPFXa-300-200.png",
"Dawlance Refrigerator 91999 Wide Body 20 CFT Avante+ Inverter Glass Door","Rs. 92,300","61 Ratings","Dawlance","Product details of Dawlance Refrigerator 91999 Wide Body 20 CFT Avante+ Inverter Glass Door","https://laz-img-cdn.alicdn.com/tfs/TB13MLwbOLaK1RjSZFxXXamPFXa-300-200.png",
"Dawlance 25 Liters Baking Microwave Oven DW 115CHZP with Recipe book","Rs. 25,200","40 Ratings","Dawlance","Product details of Dawlance 25 Liters Baking Microwave Oven DW 115CHZP with Recipe book","https://static-01.daraz.pk/p/83983f22d38e073cb4ad0c44651ff0f5.jpg_720x720q80.jpg_.webp",
"Dawlance Water Dispenser WD 1060 FP","Rs. 19,900","24 Ratings","Dawlance","Product details of Dawlance Water Dispenser WD 1060 FP","https://static-01.daraz.pk/p/cf9795254959aafe070fd20ce3a55cf9.jpg_720x720q80.jpg_.webp",
"Dawlance Electric Oven DWMO 2515 Convection with Recipe book","Rs. 18,000","4 Ratings","Dawlance","Product details of Dawlance Electric Oven DWMO 2515 Convection with Recipe book","https://static-01.daraz.pk/p/5bb7e26cddd9c0eb57b1f497cd697cbd.jpg_720x720q80.jpg_.webp",
"Dawlance 12 kg Twin Tub Washing Machine Semi Automatic DW 10500 C White Color","Rs. 31,100","44 Ratings","Dawlance","Product details of Dawlance 12 kg Twin Tub Washing Machine Semi Automatic DW 10500 C White Color","https://static-01.daraz.pk/p/1f7c238fbafb926fb6f749d4fbda1db5.jpg_720x720q80.jpg_.webp",
"Dawlance Water Dispenser WD 1051 With Refrigerator Glass Door CE Qualified","Rs. 23,000","21 Ratings","Dawlance","Product details of Dawlance Water Dispenser WD 1051 With Refrigerator Glass Door CE Qualified","https://laz-img-cdn.alicdn.com/tfs/TB13MLwbOLaK1RjSZFxXXamPFXa-300-200.png",
"Dawlance Electric Oven DWMO 2113 C with Recipe book","Rs. 12,700","17 Ratings","Dawlance","Product details of Dawlance Electric Oven DWMO 2113 C with Recipe book","https://static-01.daraz.pk/p/82c395dbd48bd9d3c00700184041fbf2.jpg_720x720q80.jpg_.webp",
"Dawlance Vertical Freezer VF 1035 WB M Glass Door 11 CFT Black","Rs. 55,500","9 Ratings","Dawlance","Product details of Dawlance Vertical Freezer VF 1035 WB M Glass Door 11 CFT Black","https://static-01.daraz.pk/p/4d2af91c73e3af863e7b4a3242de1340.jpg_720x720q80.jpg_.webp",
"Dawlance Deep Freezer DF 300 Energy Saver 10 CFT Convertible White","Rs. 42,400","9 Ratings","Dawlance","Product details of Dawlance Deep Freezer DF 300 Energy Saver 10 CFT Convertible White","https://laz-img-cdn.alicdn.com/tfs/TB13MLwbOLaK1RjSZFxXXamPFXa-300-200.png",
"Dawlance 8.5 kg Fully Automatic Top Load Washing Machine DWT 255 ES Energy Saver Series","Rs. 45,800","4 Ratings","Dawlance","Product details of Dawlance 8.5 kg Fully Automatic Top Load Washing Machine DWT 255 ES Energy Saver Series","https://laz-img-cdn.alicdn.com/tfs/TB13MLwbOLaK1RjSZFxXXamPFXa-300-200.png",
"Dawlance 20 Liters Solo Microwave Oven DW MD 4 Heating Series","Rs. 12,800","36 Ratings","Dawlance","Product details of Dawlance 20 Liters Solo Microwave Oven DW MD 4 Heating Series","https://static-01.daraz.pk/p/70567cb7bdf7e1c06b9680883cb804c8.jpg_720x720q80.jpg_.webp",
"Dawlance Dishwasher DDW 1485 Glass Door Inverter","Rs. 94,600","16 Ratings","Dawlance","Product details of Dawlance Dishwasher DDW 1485 Glass Door Inverter","https://laz-img-cdn.alicdn.com/tfs/TB13MLwbOLaK1RjSZFxXXamPFXa-300-200.png",
"Dawlance 12 kg Fully Automatic Top Load Washing Machine DWT 270 LVS+ Low Voltage Startup Series","Rs. 60,100","34 Ratings","Dawlance","Product details of Dawlance 12 kg Fully Automatic Top Load Washing Machine DWT 270 LVS+ Low Voltage Startup Series","https://laz-img-cdn.alicdn.com/tfs/TB13MLwbOLaK1RjSZFxXXamPFXa-300-200.png",
"Dawlance Refrigerator 9122 EDS 6 CFT Energy Saving + Hybrid Cooling","Rs. 44,400","19 Ratings","Dawlance","Product details of Dawlance Refrigerator 9122 EDS 6 CFT Energy Saving + Hybrid Cooling","https://laz-img-cdn.alicdn.com/tfs/TB13MLwbOLaK1RjSZFxXXamPFXa-300-200.png",
"Dawlance Vertical Freezer VF 1035 WB Inverter Avante + Glass Door 11 CFT","Rs. 57,150","3 Ratings","Dawlance","Product details of Dawlance Vertical Freezer VF 1035 WB Inverter Avante + Glass Door 11 CFT","https://laz-img-cdn.alicdn.com/tfs/TB13MLwbOLaK1RjSZFxXXamPFXa-300-200.png",
"Dawlance Refrigerator 9173 Wide Body 12 CFT E-Chrome","Rs. 55,600","2 Ratings","Dawlance","Product details of Dawlance Refrigerator 9173 Wide Body 12 CFT E-Chrome","https://static-01.daraz.pk/p/7c665e223ffaf493bb7004fb05f88182.jpg_720x720q80.jpg_.webp",
"Dawlance Refrigerator 91996 WB Glass Door 19 CFT Large Size","Rs. 78,700","4 Ratings","Dawlance","Product details of Dawlance Refrigerator 91996 WB Glass Door 19 CFT Large Size","https://static-01.daraz.pk/p/9f82917729da7587388a3b153daf0f71.jpg_720x720q80.jpg_.webp",
"Dawlance 8 kg Twin Tub Washing Machine Semi Automatic DW 6550C Black Lid","Rs. 25,300","7 Ratings","Dawlance","Product details of Dawlance 8 kg Twin Tub Washing Machine Semi Automatic DW 6550C Black Lid","https://static-01.daraz.pk/p/30f107f8307d0fc0ec8585d1b8aa0f90.jpg_720x720q80.jpg_.webp",
"Dawlance 8 kg Single Tub Washer Washing Machine DW 6100C Black Lid","Rs. 15,600","8 Ratings","Dawlance","Product details of Dawlance 8 kg Single Tub Washer Washing Machine DW 6100C Black Lid","https://static-01.daraz.pk/p/8a16b18308e3e8303fa6f84f657f5ca4.jpg_720x720q80.jpg_.webp",
"Dawlance 7 kg Fully Automatic Front Load Washing Machine DWF 7200X INV Steam Care Series Inverter","Rs. 89,700","18 Ratings","Dawlance","Product details of Dawlance 7 kg Fully Automatic Front Load Washing Machine DWF 7200X INV Steam Care Series Inverter","https://laz-img-cdn.alicdn.com/tfs/TB13MLwbOLaK1RjSZFxXXamPFXa-300-200.png",
"Dawlance Refrigerator 9122 FP 6 CFT - 176 Liters","Rs. 42,600","11 Ratings","Dawlance","Product details of Dawlance Refrigerator 9122 FP 6 CFT - 176 Liters","https://laz-img-cdn.alicdn.com/tfs/TB13MLwbOLaK1RjSZFxXXamPFXa-300-200.png",
"Dawlance 1.5 Ton Inverter Heat & Cool Air Conditioner Enercon 30","Rs. 101,400","13 Ratings","Dawlance","Product details of Dawlance 1.5 Ton Inverter Heat & Cool Air Conditioner Enercon 30","https://laz-img-cdn.alicdn.com/tfs/TB13MLwbOLaK1RjSZFxXXamPFXa-300-200.png",
"Dawlance Refrigerator 9191 Wide Body 15 CFT Avante Glass Door","Rs. 74,900","2 Ratings","Dawlance","Product details of Dawlance Refrigerator 9191 Wide Body 15 CFT Avante Glass Door","https://static-01.daraz.pk/p/5f1d54b94ac7096d46db3d3ff3de0038.jpg_720x720q80.jpg_.webp",
"Dawlance Refrigerator 9178 Wide Body 12 CFT Avante+ Inverter Glass Door","Rs. 72,200","5 Ratings","Dawlance","Product details of Dawlance Refrigerator 9178 Wide Body 12 CFT Avante+ Inverter Glass Door","https://laz-img-cdn.alicdn.com/tfs/TB13MLwbOLaK1RjSZFxXXamPFXa-300-200.png",
"Dawlance Refrigerator 9193 LF 16 CFT Avante+ Inverter Glass Door","Rs. 83,500","7 Ratings","Dawlance","Product details of Dawlance Refrigerator 9193 LF 16 CFT Avante+ Inverter Glass Door","https://laz-img-cdn.alicdn.com/tfs/TB13MLwbOLaK1RjSZFxXXamPFXa-300-200.png",
"Dawlance Refrigerator 9191 Wide Body 15 CFT Avante+ Inverter Glass Door","Rs. 80,500","9 Ratings","Dawlance","Product details of Dawlance Refrigerator 9191 Wide Body 15 CFT Avante+ Inverter Glass Door","https://laz-img-cdn.alicdn.com/tfs/TB13MLwbOLaK1RjSZFxXXamPFXa-300-200.png",
"Dawlance Refrigerator 9150 LF 9 CFT Glass Door","Rs. 50,200","6 Ratings","Dawlance","Product details of Dawlance Refrigerator 9150 LF 9 CFT Glass Door","https://static-01.daraz.pk/p/9f82917729da7587388a3b153daf0f71.jpg_720x720q80.jpg_.webp",
"Dawlance 1.5 Ton Inverter Heat & Cool Air Conditioner Powercon 30","Rs. 100,800","17 Ratings","Dawlance","Product details of Dawlance 1.5 Ton Inverter Heat & Cool Air Conditioner Powercon 30","https://laz-img-cdn.alicdn.com/tfs/TB13MLwbOLaK1RjSZFxXXamPFXa-300-200.png",
"Dawlance 1.5 Ton Inverter Heat & Cool Air Conditioner Suave 30","Rs. 105,800","7 Ratings","Dawlance","Product details of Dawlance 1.5 Ton Inverter Heat & Cool Air Conditioner Suave 30","https://laz-img-cdn.alicdn.com/tfs/TB13MLwbOLaK1RjSZFxXXamPFXa-300-200.png",
"Dawlance 1.0 Ton Inverter Heat & Cool Air Conditioner Suave 15","Rs. 90,500","6 Ratings","Dawlance","Product details of Dawlance 1.0 Ton Inverter Heat & Cool Air Conditioner Suave 15","https://laz-img-cdn.alicdn.com/tfs/TB13MLwbOLaK1RjSZFxXXamPFXa-300-200.png",
"Dawlance Dishwasher 1480 I Inverter","Rs. 92,400","No Ratings","Dawlance","Product details of Dawlance Dishwasher 1480 I Inverter","https://laz-img-cdn.alicdn.com/tfs/TB13MLwbOLaK1RjSZFxXXamPFXa-300-200.png",
"Dawlance Dishwasher DDW 1350 S","Rs. 82,400","3 Ratings","Dawlance","Product details of Dawlance Dishwasher DDW 1350 S","https://static-01.daraz.pk/p/b4ee0cee52334739ec62e3d129d184eb.jpg_720x720q80.jpg_.webp",
"Dawlance Garment Steamer DWGS 2316","Rs. 8,500","134 Ratings","Dawlance","Product details of Dawlance Garment Steamer DWGS 2316","https://static-01.daraz.pk/p/aec9f4d3e76ea383a5918979eebcf494.jpg_720x720q80.jpg_.webp",
"Dawlance Steam Iron DWSI 7282 2300W 25g/min","Rs. 6,000","155 Ratings","Dawlance","Product details of Dawlance Steam Iron DWSI 7282 2300W 25g/min","https://laz-img-cdn.alicdn.com/tfs/TB13MLwbOLaK1RjSZFxXXamPFXa-300-200.png",
"Dawlance Vacuum Cleaner DWVC 770 Canister Bagged","Rs. 10,100","247 Ratings","Dawlance","Product details of Dawlance Vacuum Cleaner DWVC 770 Canister Bagged","https://static-01.daraz.pk/p/5fdda6395b92c94ee3333cfb3ffebd82.jpg_720x720q80.jpg_.webp",
"Dawlance Refrigerator 91996 Glass Door Inverter IoT 19 CFT/525 Liters Large Size Smart","Rs. 86,000","69 Ratings","Dawlance","Product details of Dawlance Refrigerator 91996 Glass Door Inverter IoT 19 CFT/525 Liters Large Size Smart","https://laz-img-cdn.alicdn.com/tfs/TB13MLwbOLaK1RjSZFxXXamPFXa-300-200.png",
"Dawlance Blender DWTB 590 B with Dry Mill Black Color","Rs. 7,200","38 Ratings","Dawlance","Product details of Dawlance Blender DWTB 590 B with Dry Mill Black Color","https://laz-img-cdn.alicdn.com/tfs/TB13MLwbOLaK1RjSZFxXXamPFXa-300-200.png",
"Dawlance Twin Door Freezer 91998 Signature Inverter 16 CFT","Rs. 56,900","27 Ratings","Dawlance","Product details of Dawlance Twin Door Freezer 91998 Signature Inverter 16 CFT","https://static-01.daraz.pk/p/9a806b44d19e4850029dd9e697ced407.jpg_720x720q80.jpg_.webp",
"Dawlance Deep Freezer DF 400 Energy Saver 14 CFT Convertible White","Rs. 44,900","10 Ratings","Dawlance","Product details of Dawlance Deep Freezer DF 400 Energy Saver 14 CFT Convertible White","https://laz-img-cdn.alicdn.com/tfs/TB13MLwbOLaK1RjSZFxXXamPFXa-300-200.png",
"Dawlance Electric Kettle DWEK 8229 Stainless Steel 1.7 Liters","Rs. 6,300","24 Ratings","Dawlance","Product details of Dawlance Electric Kettle DWEK 8229 Stainless Steel 1.7 Liters","https://static-01.daraz.pk/p/7d98d7f867e0ede975b397a11102e042.jpg_720x720q80.jpg_.webp",
"Dawlance Citrus Juicer DWCJ 8030","Rs. 4,800","18 Ratings","Dawlance","Product details of Dawlance Citrus Juicer DWCJ 8030","https://static-01.daraz.pk/p/4e64150924e780794a69fb0d2d247dd9.jpg_720x720q80.jpg_.webp",
"Dawlance Microwave Oven 30 Liters Grill Cooking DW 131HP Large Capacity with Auto Cook Menu","Rs. 21,700","51 Ratings","Dawlance","Product details of Dawlance Microwave Oven 30 Liters Grill Cooking DW 131HP Large Capacity with Auto Cook Menu","https://static-01.daraz.pk/p/9b2f10374aa42b4450091f774be2e927.jpg_720x720q80.jpg_.webp",
"Dawlance Electric Oven DWMO 2515 with Recipe book","Rs. 14,400","29 Ratings","Dawlance","Product details of Dawlance Electric Oven DWMO 2515 with Recipe book","https://static-01.daraz.pk/p/82c395dbd48bd9d3c00700184041fbf2.jpg_720x720q80.jpg_.webp",
"Dawlance 20 Liters Microwave Oven DW 220 S Solo Heating Series","Rs. 11,400","27 Ratings","Dawlance","Product details of Dawlance 20 Liters Microwave Oven DW 220 S Solo Heating Series","https://static-01.daraz.pk/p/dd458b7015d4e38e5f1b695949aafe70.jpg_720x720q80.jpg_.webp",
"Dawlance 8 kg Single Tub Washer Washing Machine DW 6100W White Color","Rs. 15,500","38 Ratings","Dawlance","Product details of Dawlance 8 kg Single Tub Washer Washing Machine DW 6100W White Color","https://static-01.daraz.pk/p/63b1b8d11772dec6f2040efb8317d821.jpg_720x720q80.jpg_.webp",
"Dawlance Refrigerator 9173 Wide Body 12 CFT Chrome+ Inverter","Rs. 62,300","14 Ratings","Dawlance","Product details of Dawlance Refrigerator 9173 Wide Body 12 CFT Chrome+ Inverter","https://laz-img-cdn.alicdn.com/tfs/TB13MLwbOLaK1RjSZFxXXamPFXa-300-200.png",
"Dawlance 23 Liters Microwave Oven DW 374 with Recipe book","Rs. 16,100","15 Ratings","Dawlance","Product details of Dawlance 23 Liters Microwave Oven DW 374 with Recipe book","https://static-01.daraz.pk/p/01e279ecc428ba72558fe10da76ee63d.jpg_720x720q80.jpg_.webp",
"Dawlance 0.75 Ton Inverter Heat & Cool Air Conditioner Sprinter 10","Rs. 77,800","340 Ratings","Dawlance","Product details of Dawlance 0.75 Ton Inverter Heat & Cool Air Conditioner Sprinter 10","https://laz-img-cdn.alicdn.com/tfs/TB13MLwbOLaK1RjSZFxXXamPFXa-300-200.png",
"Dawlance 7 kg Fully Automatic Front Load Washing Machine DWF 7120 White Inverter","Rs. 77,000","16 Ratings","Dawlance","Product details of Dawlance 7 kg Fully Automatic Front Load Washing Machine DWF 7120 White Inverter","https://static-01.daraz.pk/p/ef5d90e78094cbc6830a3cd5f5ff2909.jpg_720x720q80.jpg_.webp",
"Dawlance 1.5 Ton Inverter Heat & Cool Air Conditioner Mega T3 Tropical Class 3 Compressor","Rs. 110,900","25 Ratings","Dawlance","Product details of Dawlance 1.5 Ton Inverter Heat & Cool Air Conditioner Mega T3 Tropical Class 3 Compressor","https://laz-img-cdn.alicdn.com/tfs/TB13MLwbOLaK1RjSZFxXXamPFXa-300-200.png",
"Dawlance 20 Liters Microwave Oven MD 15 Solo Heating Series","Rs. 11,000","43 Ratings","Dawlance","Product details of Dawlance 20 Liters Microwave Oven MD 15 Solo Heating Series","https://static-01.daraz.pk/p/ecd18e77c76ded0ecfb72c88699e1f25.jpg_720x720q80.jpg_.webp",
"Dawlance 23 Liters Microwave Oven DW 388 with Recipes","Rs. 16,400","No Ratings","Dawlance","Product details of Dawlance 23 Liters Microwave Oven DW 388 with Recipes","https://static-01.daraz.pk/p/2c4a288edec49fb2604badbc67c40fe0.jpg_720x720q80.jpg_.webp",
"Dawlance Deep Freezer DF-200ES Energy Saver 7 CFT Convertible White","Rs. 40,250","5 Ratings","Dawlance","Product details of Dawlance Deep Freezer DF-200ES Energy Saver 7 CFT Convertible White","https://laz-img-cdn.alicdn.com/tfs/TB13MLwbOLaK1RjSZFxXXamPFXa-300-200.png",
"Dawlance 8 kg Twin Tub Washing Machine Semi Automatic DW 6550W White Color","Rs. 21,500","29 Ratings","Dawlance","Product details of Dawlance 8 kg Twin Tub Washing Machine Semi Automatic DW 6550W White Color","https://static-01.daraz.pk/p/63b1b8d11772dec6f2040efb8317d821.jpg_720x720q80.jpg_.webp",
"Dawlance Botanika Hair Straightener DWHS 7031","Rs. 6,500","No Ratings","Dawlance","Product details of Dawlance Botanika Hair Straightener DWHS 7031","https://static-01.daraz.pk/p/1c9bc5104f59e4208d247bb4429df6a4.jpg_720x720q80.jpg_.webp",
"Dawlance Hair Dryer DWHD 2509 R","Rs. 5,200","No Ratings","Dawlance","Product details of Dawlance Hair Dryer DWHD 2509 R","https://static-01.daraz.pk/p/8be1a22f09ae8cc7abbe85366123ec4e.jpg_720x720q80.jpg_.webp",
"Dawlance 14 kg Fully Automatic Top Load Washing Machine DWT 1470 PL e-care Series","Rs. 58,600","4 Ratings","Dawlance","Product details of Dawlance 14 kg Fully Automatic Top Load Washing Machine DWT 1470 PL e-care Series","https://laz-img-cdn.alicdn.com/tfs/TB13MLwbOLaK1RjSZFxXXamPFXa-300-200.png",
"Dawlance Twin Door Freezer 91997 Signature LVS 14 CFT","Rs. 51,350","No Ratings","Dawlance","Product details of Dawlance Twin Door Freezer 91997 Signature LVS 14 CFT","https://static-01.daraz.pk/p/f0b0b6f3e026526d262830eb8b8d6705.jpg_720x720q80.jpg_.webp",
"Dawlance 2.0 Ton Gallant 45 Inverter Floor Standing Heat & Cool Air Conditioner","Rs. 202,200","7 Ratings","Dawlance","Product details of Dawlance 2.0 Ton Gallant 45 Inverter Floor Standing Heat & Cool Air Conditioner","https://static-01.daraz.pk/p/305fd2aa6163e45ab0b48a38df5b8e62.jpg_720x720q80.jpg_.webp",
"Dawlance Twin Door Freezer 91997 Signature Inverter 14 CFT","Rs. 55,100","1 Ratings","Dawlance","Product details of Dawlance Twin Door Freezer 91997 Signature Inverter 14 CFT","https://static-01.daraz.pk/p/f0b0b6f3e026526d262830eb8b8d6705.jpg_720x720q80.jpg_.webp",
"Dawlance 1.5 Ton Inverter Heat & Cool Air Conditioner Elegance 30","Rs. 109,000","9 Ratings","Dawlance","Product details of Dawlance 1.5 Ton Inverter Heat & Cool Air Conditioner Elegance 30","https://laz-img-cdn.alicdn.com/tfs/TB13MLwbOLaK1RjSZFxXXamPFXa-300-200.png",
"Dawlance 25 Liters Baking Microwave Oven DW 115 CHZP IR with E-Recipe book","Rs. 25,200","5 Ratings","Dawlance","Product details of Dawlance 25 Liters Baking Microwave Oven DW 115 CHZP IR with E-Recipe book","https://static-01.daraz.pk/p/072a21ba466663354f73df92bc4b4ee6.jpg_720x720q80.jpg_.webp",
"Dawlance 36 Liters Microwave Oven DW 136 Grill","Rs. 23,000","No Ratings","Dawlance","Product details of Dawlance 36 Liters Microwave Oven DW 136 Grill","https://static-01.daraz.pk/p/4209af59edecbfb4f7ce41e96d53227b.jpg_720x720q80.jpg_.webp",
"Dawlance 8 kg Fully Automatic Front Load Washing Machine DWF 8120 GR Inverter","Rs. 81,300","3 Ratings","Dawlance","Product details of Dawlance 8 kg Fully Automatic Front Load Washing Machine DWF 8120 GR Inverter","https://static-01.daraz.pk/p/f29ab01418e46bc9b11027140bfea938.jpg_720x720q80.jpg_.webp",
"Dawlance 2.0 Ton Inverter Heat & Cool Air Conditioner Cruise Pro 45","Rs. 134,200","10 Ratings","Dawlance","Product details of Dawlance 2.0 Ton Inverter Heat & Cool Air Conditioner Cruise Pro 45","https://laz-img-cdn.alicdn.com/tfs/TB13MLwbOLaK1RjSZFxXXamPFXa-300-200.png",
"Dawlance 2.0 Ton Inverter Heat & Cool Air Conditioner Enercon 45","Rs. 128,800","5 Ratings","Dawlance","Product details of Dawlance 2.0 Ton Inverter Heat & Cool Air Conditioner Enercon 45","https://laz-img-cdn.alicdn.com/tfs/TB13MLwbOLaK1RjSZFxXXamPFXa-300-200.png",
"Dawlance 30 Liters Grill Microwave Oven DW 133G Cooking Series","Rs. 20,900","4 Ratings","Dawlance","Product details of Dawlance 30 Liters Grill Microwave Oven DW 133G Cooking Series","https://laz-img-cdn.alicdn.com/tfs/TB1Yltkl4TpK1RjSZFKXXa2wXXa-720-720.png_720x720q80.jpg_.webp",
"Dawlance 1.0 Ton Inverter Heat & Cool Air Conditioner Mega T3 Tropical Class 3 Compressor","Rs. 93,100","No Ratings","Dawlance","Product details of Dawlance 1.0 Ton Inverter Heat & Cool Air Conditioner Mega T3 Tropical Class 3 Compressor","https://laz-img-cdn.alicdn.com/tfs/TB13MLwbOLaK1RjSZFxXXamPFXa-300-200.png",
"Dawlance Refrigerator 9191 Wide Body 16 CFT Chrome+ Inverter","Rs. 72,400","16 Ratings","Dawlance","Product details of Dawlance Refrigerator 9191 Wide Body 16 CFT Chrome+ Inverter","https://laz-img-cdn.alicdn.com/tfs/TB13MLwbOLaK1RjSZFxXXamPFXa-300-200.png",
